name,total,days,nation,distributor,rating,genre,director,holiday
007 스펙터,188319,1,기타,264826.3333,15세이상관람가,액션,1402021,0
007 스펙터,1412150,8,기타,264826.3333,15세이상관람가,액션,1402021,0
007 스펙터,1726416,15,기타,264826.3333,15세이상관람가,액션,1402021,0
13시간,124249,7,미국,2272199.667,15세이상관람가,액션,2685463.667,0
13시간,142513,14,미국,2272199.667,15세이상관람가,액션,2685463.667,0
19곰 테드 2,133198,7,미국,264826.3333,청소년관람불가,코미디,639640.6667,0
19곰 테드 2,167144,14,미국,264826.3333,청소년관람불가,코미디,639640.6667,0
23 아이덴티티,137279,1,미국,264826.3333,15세이상관람가,범죄/스릴러,1194960.667,0
23 아이덴티티,1316094,8,미국,264826.3333,15세이상관람가,범죄/스릴러,1194960.667,0
23 아이덴티티,1573959,15,미국,264826.3333,15세이상관람가,범죄/스릴러,1194960.667,0
50가지 그림자: 심연,152504,7,미국,264826.3333,청소년관람불가,드라마,69450.66667,0
50가지 그림자: 심연,181941,14,미국,264826.3333,청소년관람불가,드라마,69450.66667,0
가디언즈 오브 갤럭시 VOL. 2,570901,1,미국,2091118.667,12세이상관람가,액션,2023457,0
가디언즈 오브 갤럭시 VOL. 2,2055999,8,미국,2091118.667,12세이상관람가,액션,2023457,0
가디언즈 오브 갤럭시 VOL. 2,2516537,15,미국,2091118.667,12세이상관람가,액션,2023457,0
가려진 시간,434830,8,한국,5306580.667,12세이상관람가,드라마,185177.3333,0
가려진 시간,504146,15,한국,5306580.667,12세이상관람가,드라마,185177.3333,0
간신,694266,7,한국,2272199.667,청소년관람불가,드라마,792263.3333,0
간신,948493,14,한국,2272199.667,청소년관람불가,드라마,792263.3333,0
갓 오브 이집트,610123,7,미국,645121.6667,12세이상관람가,기타,1030617.333,0
갓 오브 이집트,823410,14,미국,645121.6667,12세이상관람가,기타,1030617.333,0
강남 1970,163151,1,한국,5306580.667,청소년관람불가,액션,2528093,0
강남 1970,1289783,8,한국,5306580.667,청소년관람불가,액션,2528093,0
강남 1970,1907689,15,한국,5306580.667,청소년관람불가,액션,2528093,0
개를 훔치는 완벽한 방법,183398,8,한국,46549,전체관람가,드라마,268093.3333,0
개를 훔치는 완벽한 방법,221805,15,한국,46549,전체관람가,드라마,268093.3333,0
거울나라의 앨리스,272918,8,미국,2719083.333,12세이상관람가,기타,257348.5,1
거울나라의 앨리스,467307,15,미국,2719083.333,12세이상관람가,기타,257348.5,1
검사외전,539688,1,한국,5306580.667,15세이상관람가,범죄/스릴러,5541558.333,1
검사외전,6405797,8,한국,5306580.667,15세이상관람가,범죄/스릴러,5541558.333,1
검사외전,8499038,15,한국,5306580.667,15세이상관람가,범죄/스릴러,5541558.333,1
검은 사제들,2183079,7,한국,2392197.667,15세이상관람가,드라마,2785764,0
검은 사제들,3877313,14,한국,2392197.667,15세이상관람가,드라마,2785764,0
겟 아웃,1261445,8,미국,264826.3333,15세이상관람가,공포(호러),2138148,0
겟 아웃,1838598,15,미국,264826.3333,15세이상관람가,공포(호러),2138148,0
경성학교: 사라진 소녀들,320108,7,한국,2272199.667,15세이상관람가,공포(호러),1173329,0
경성학교: 사라진 소녀들,354119,14,한국,2272199.667,15세이상관람가,공포(호러),1173329,0
계춘할망,418734,14,한국,482259,15세이상관람가,기타,1652699.333,0
"고산자, 대동여지도",445665,8,한국,2392197.667,전체관람가,드라마,971612.3333,1
"고산자, 대동여지도",889531,15,한국,2392197.667,전체관람가,드라마,971612.3333,1
고스트버스터즈,335848,7,미국,264826.3333,12세이상관람가,액션,965019.3333,0
고스트버스터즈,499841,14,미국,264826.3333,12세이상관람가,액션,965019.3333,0
곡성,3024092,7,한국,1383136.333,15세이상관람가,공포(호러),4697810,0
곡성,4963008,14,한국,1383136.333,15세이상관람가,공포(호러),4697810,0
공각기동대 : 고스트 인 더 쉘,115801,1,미국,2272199.667,15세이상관람가,범죄/스릴러,700351.5,0
공각기동대 : 고스트 인 더 쉘,651472,8,미국,2272199.667,15세이상관람가,범죄/스릴러,700351.5,0
공각기동대 : 고스트 인 더 쉘,751579,15,미국,2272199.667,15세이상관람가,범죄/스릴러,700351.5,0
공조,166451,1,한국,2392197.667,15세이상관람가,액션,3721363.333,1
공조,1621572,8,한국,2392197.667,15세이상관람가,액션,3721363.333,1
공조,5049708,15,한국,2392197.667,15세이상관람가,액션,3721363.333,1
괴물의 아이,135468,8,기타,23395.66667,12세이상관람가,애니메이션,231609.3333,0
괴물의 아이,183473,15,기타,23395.66667,12세이상관람가,애니메이션,231609.3333,0
구스범스,237196,7,미국,264826.3333,12세이상관람가,액션,909523.6667,0
구스범스,301655,14,미국,264826.3333,12세이상관람가,액션,909523.6667,0
국가대표 2,562630,8,한국,14244.66667,12세이상관람가,드라마,768047.3333,0
국가대표 2,672629,15,한국,14244.66667,12세이상관람가,드라마,768047.3333,0
굿 다이노,696121,7,미국,2719083.333,전체관람가,애니메이션,1329664,0
굿 다이노,1081448,14,미국,2719083.333,전체관람가,애니메이션,1329664,0
굿바이 싱글,154105,1,한국,5306580.667,15세이상관람가,코미디,719104,0
굿바이 싱글,1242417,8,한국,5306580.667,15세이상관람가,코미디,719104,0
굿바이 싱글,1878105,15,한국,5306580.667,15세이상관람가,코미디,719104,0
귀향,169228,1,한국,1242547.667,15세이상관람가,드라마,1206454.333,0
귀향,1907746,8,한국,1242547.667,15세이상관람가,드라마,1206454.333,0
귀향,2805003,15,한국,1242547.667,15세이상관람가,드라마,1206454.333,0
그날의 분위기,475388,7,한국,5306580.667,15세이상관람가,멜로/로맨스,326310,0
그날의 분위기,623241,14,한국,5306580.667,15세이상관람가,멜로/로맨스,326310,0
그놈이다,103511,1,한국,23395.66667,15세이상관람가,범죄/스릴러,773507,0
그놈이다,787901,8,한국,23395.66667,15세이상관람가,범죄/스릴러,773507,0
그놈이다,991359,15,한국,23395.66667,15세이상관람가,범죄/스릴러,773507,0
그레이의 50가지 그림자,302902,7,미국,264826.3333,청소년관람불가,드라마,188071.5,0
그레이의 50가지 그림자,357499,14,미국,264826.3333,청소년관람불가,드라마,188071.5,0
그레이트 월,444800,8,미국,264826.3333,12세이상관람가,액션,185647.3333,0
그레이트 월,496957,15,미국,264826.3333,12세이상관람가,액션,185647.3333,0
극비수사,1595084,7,한국,5306580.667,15세이상관람가,드라마,1959238.333,0
극비수사,2392661,14,한국,5306580.667,15세이상관람가,드라마,1959238.333,0
극장판 꼬마버스 타요의 에이스 구출작전,114507,14,한국,96116.5,전체관람가,애니메이션,932944,0
극장판 또봇: 로봇군단의 습격,134756,14,한국,2392197.667,전체관람가,애니메이션,141592,0
극장판 아이엠스타 : 꿈의 오디션!,111710,7,기타,2392197.667,전체관람가,애니메이션,141351,0
극장판 아이엠스타 : 꿈의 오디션!,135830,14,기타,2392197.667,전체관람가,애니메이션,141351,0
극장판 안녕 자두야,219975,8,한국,2392197.667,전체관람가,애니메이션,140180.5,0
극장판 안녕 자두야,265929,15,한국,2392197.667,전체관람가,애니메이션,140180.5,0
극장판 요괴워치: 염라대왕과 5개의 이야기다냥!,189044,8,기타,2392197.667,전체관람가,애니메이션,440696.5,0
극장판 요괴워치: 염라대왕과 5개의 이야기다냥!,308541,15,기타,2392197.667,전체관람가,애니메이션,440696.5,0
극장판 요괴워치: 탄생의 비밀이다냥!,383567,8,기타,2392197.667,전체관람가,애니메이션,440696.5,0
극장판 요괴워치: 탄생의 비밀이다냥!,507506,15,기타,2392197.667,전체관람가,애니메이션,440696.5,0
극장판 포켓몬스터 XY : 파괴의 포켓몬과 디안시,197006,8,기타,2272199.667,전체관람가,애니메이션,266296.3333,0
극장판 포켓몬스터 XY : 파괴의 포켓몬과 디안시,230191,15,기타,2272199.667,전체관람가,애니메이션,266296.3333,0
극적인 하룻밤,237722,7,한국,23395.66667,청소년관람불가,멜로/로맨스,268293.5,0
극적인 하룻밤,318156,14,한국,23395.66667,청소년관람불가,멜로/로맨스,268293.5,0
글로리데이,138126,7,한국,74057.33333,15세이상관람가,드라마,189345,0
글로리데이,179641,14,한국,74057.33333,15세이상관람가,드라마,189345,0
기생수 파트1,124430,7,기타,71380,청소년관람불가,범죄/스릴러,251227,0
기생수 파트1,178846,14,기타,71380,청소년관람불가,범죄/스릴러,251227,0
기술자들,2360507,15,한국,2272199.667,15세이상관람가,범죄/스릴러,2105241,0
나를 잊지 말아요,385719,7,한국,2392197.667,15세이상관람가,멜로/로맨스,2371643,0
나를 잊지 말아요,423372,14,한국,2392197.667,15세이상관람가,멜로/로맨스,2371643,0
나우 유 씨 미 2,499404,1,미국,2272199.667,12세이상관람가,범죄/스릴러,1879580.667,0
나우 유 씨 미 2,2166045,8,미국,2272199.667,12세이상관람가,범죄/스릴러,1879580.667,0
나우 유 씨 미 2,2903146,15,미국,2272199.667,12세이상관람가,범죄/스릴러,1879580.667,0
나의 절친 악당들,125467,7,한국,1383136.333,청소년관람불가,범죄/스릴러,1201352.667,0
나의 절친 악당들,132615,14,한국,1383136.333,청소년관람불가,범죄/스릴러,1201352.667,0
"날, 보러와요",585375,7,한국,14244.66667,청소년관람불가,범죄/스릴러,435898.6667,0
"날, 보러와요",865322,14,한국,14244.66667,청소년관람불가,범죄/스릴러,435898.6667,0
남과 여,179476,7,한국,5306580.667,청소년관람불가,멜로/로맨스,168229.6667,0
남과 여,198622,14,한국,5306580.667,청소년관람불가,멜로/로맨스,168229.6667,0
내 심장을 쏴라,339201,8,한국,46549,15세이상관람가,드라마,481664.6667,0
내 심장을 쏴라,383109,15,한국,46549,15세이상관람가,드라마,481664.6667,0
내부자들,2263674,7,한국,5306580.667,청소년관람불가,범죄/스릴러,3488971.667,0
내부자들,4019452,14,한국,5306580.667,청소년관람불가,범죄/스릴러,3488971.667,0
내부자들: 디 오리지널,1081288,7,한국,5306580.667,청소년관람불가,범죄/스릴러,3488971.667,0
내부자들: 디 오리지널,1664012,14,한국,5306580.667,청소년관람불가,범죄/스릴러,3488971.667,0
너의 이름은.,212267,1,기타,14244.66667,12세이상관람가,애니메이션,1265305.667,0
너의 이름은.,1628364,8,기타,14244.66667,12세이상관람가,애니메이션,1265305.667,0
너의 이름은.,2738299,15,기타,14244.66667,12세이상관람가,애니메이션,1265305.667,0
널 기다리며,392487,7,한국,565352,청소년관람불가,범죄/스릴러,506413,0
널 기다리며,595871,14,한국,565352,청소년관람불가,범죄/스릴러,506413,0
노무현입니다,823799,7,한국,23395.66667,12세이상관람가,기타,648855,0
노무현입니다,1405527,14,한국,23395.66667,12세이상관람가,기타,648855,0
노아의 방주: 남겨진 녀석들,179820,7,기타,325003.6667,전체관람가,애니메이션,356302,0
노아의 방주: 남겨진 녀석들,206683,14,기타,325003.6667,전체관람가,애니메이션,356302,0
눈길,104626,8,한국,74057.33333,15세이상관람가,드라마,130172,0
눈길,124326,15,한국,74057.33333,15세이상관람가,드라마,130172,0
눈의 여왕 2: 트롤의 마법거울,597329,15,기타,325003.6667,전체관람가,애니메이션,493258.5,0
눈의 여왕 3: 눈과 불의 마법대결,296708,8,기타,120870,전체관람가,애니메이션,493258.5,0
눈의 여왕 3: 눈과 불의 마법대결,356670,15,기타,120870,전체관람가,애니메이션,493258.5,0
닌자터틀 : 어둠의 히어로,208444,7,미국,2272199.667,12세이상관람가,액션,127281.5,0
닌자터틀 : 어둠의 히어로,234385,14,미국,2272199.667,12세이상관람가,액션,127281.5,0
다이노 타임,194167,7,한국,2392197.667,전체관람가,애니메이션,283300,0
다이노 타임,242612,14,한국,2392197.667,전체관람가,애니메이션,283300,0
다이노소어 어드벤처 : 백악기 공룡대백과,107660,15,기타,11857,전체관람가,기타,356102.5,0
닥터 스트레인지,553614,1,미국,2719083.333,12세이상관람가,액션,1856801.333,0
닥터 스트레인지,2842766,8,미국,2719083.333,12세이상관람가,액션,1856801.333,0
닥터 스트레인지,4208813,15,미국,2719083.333,12세이상관람가,액션,1856801.333,0
달빛궁궐,140058,15,한국,565352,전체관람가,애니메이션,153097,1
"당신, 거기 있어줄래요",110323,1,한국,2272199.667,12세이상관람가,드라마,795366.6667,0
"당신, 거기 있어줄래요",784933,8,한국,2272199.667,12세이상관람가,드라마,795366.6667,0
"당신, 거기 있어줄래요",1067441,15,한국,2272199.667,12세이상관람가,드라마,795366.6667,0
대니쉬 걸,106122,15,미국,264826.3333,청소년관람불가,드라마,2015326.333,0
대립군,146984,1,한국,1383136.333,15세이상관람가,드라마,434558.5,0
대립군,746783,8,한국,1383136.333,15세이상관람가,드라마,434558.5,0
대립군,809345,15,한국,1383136.333,15세이상관람가,드라마,434558.5,0
대배우,156791,8,한국,27458.33333,12세이상관람가,코미디,1418514.667,0
대배우,168065,15,한국,27458.33333,12세이상관람가,코미디,1418514.667,0
대호,147460,1,한국,565352,12세이상관람가,드라마,2541739.333,0
대호,1541870,15,한국,565352,12세이상관람가,드라마,2541739.333,0
더 건맨,107275,14,기타,2272199.667,청소년관람불가,액션,53739,0
더 셰프,156680,7,미국,120870,15세이상관람가,드라마,129434.5,0
더 셰프,184972,14,미국,120870,15세이상관람가,드라마,129434.5,0
더 큐어,152506,8,미국,1383136.333,청소년관람불가,범죄/스릴러,325825.3333,0
더 큐어,159929,15,미국,1383136.333,청소년관람불가,범죄/스릴러,325825.3333,0
더 킹,302978,1,한국,565352,15세이상관람가,범죄/스릴러,5022360.667,1
더 킹,2372889,8,한국,565352,15세이상관람가,범죄/스릴러,5022360.667,1
더 킹,4502633,15,한국,565352,15세이상관람가,범죄/스릴러,5022360.667,1
더 폰,977631,7,한국,565352,15세이상관람가,범죄/스릴러,6769,0
더 폰,1480792,14,한국,565352,15세이상관람가,범죄/스릴러,6769,0
덕혜옹주,282055,1,한국,2272199.667,12세이상관람가,드라마,2948657.5,0
덕혜옹주,2398837,8,한국,2272199.667,12세이상관람가,드라마,2948657.5,0
덕혜옹주,4221620,15,한국,2272199.667,12세이상관람가,드라마,2948657.5,0
데드풀,438285,1,미국,1383136.333,청소년관람불가,액션,3317196,0
데드풀,2108639,8,미국,1383136.333,청소년관람불가,액션,3317196,0
데드풀,2928909,15,미국,1383136.333,청소년관람불가,액션,3317196,0
도라에몽 : 스탠 바이 미,216080,7,기타,565352,전체관람가,애니메이션,251227,1
도라에몽 : 스탠 바이 미,400129,14,기타,565352,전체관람가,애니메이션,251227,1
도리를 찾아서,1189311,8,미국,2719083.333,전체관람가,애니메이션,1586896.667,0
도리를 찾아서,1850801,15,미국,2719083.333,전체관람가,애니메이션,1586896.667,0
도리화가,280379,8,한국,2392197.667,12세이상관람가,드라마,689025.6667,0
도리화가,312801,15,한국,2392197.667,12세이상관람가,드라마,689025.6667,0
독수리 에디,186930,7,미국,1383136.333,12세이상관람가,드라마,84361,0
독수리 에디,217627,14,미국,1383136.333,12세이상관람가,드라마,84361,0
동주,387085,8,한국,14244.66667,12세이상관람가,드라마,1232772.667,0
동주,794952,15,한국,14244.66667,12세이상관람가,드라마,1232772.667,0
드림 쏭,173523,8,미국,120870,전체관람가,애니메이션,397756.3333,1
드림 쏭,206752,15,미국,120870,전체관람가,애니메이션,397756.3333,1
라라랜드,794179,8,미국,71380,12세이상관람가,드라마,2548489,0
라라랜드,1509356,15,미국,71380,12세이상관람가,드라마,2548489,0
라스트 위치 헌터,119264,8,미국,74363.33333,15세이상관람가,액션,226613.3333,0
라스트 위치 헌터,121638,15,미국,74363.33333,15세이상관람가,액션,226613.3333,0
라이트 아웃,706849,8,미국,687584.6667,15세이상관람가,공포(호러),1514689.5,0
라이트 아웃,1033868,15,미국,687584.6667,15세이상관람가,공포(호러),1514689.5,0
라이프,387291,8,미국,45144.66667,15세이상관람가,범죄/스릴러,240794,0
라이프,451098,15,미국,45144.66667,15세이상관람가,범죄/스릴러,240794,0
럭키,2685607,7,한국,5306580.667,15세이상관람가,코미디,2722743,0
럭키,4818346,14,한국,5306580.667,15세이상관람가,코미디,2722743,0
런 올 나이트,228725,7,미국,687584.6667,청소년관람불가,액션,919593.3333,0
런 올 나이트,286202,14,미국,687584.6667,청소년관람불가,액션,919593.3333,0
런던 해즈 폴른,394943,7,미국,14244.66667,15세이상관람가,액션,366265.5,0
런던 해즈 폴른,665623,14,미국,14244.66667,15세이상관람가,액션,366265.5,0
레고 배트맨 무비,122617,7,미국,687584.6667,전체관람가,애니메이션,148760,0
레고 배트맨 무비,141774,14,미국,687584.6667,전체관람가,애니메이션,148760,0
레버넌트: 죽음에서 돌아온 자,1056852,7,미국,1383136.333,15세이상관람가,기타,743037,0
레버넌트: 죽음에서 돌아온 자,1670349,14,미국,1383136.333,15세이상관람가,기타,743037,0
레전드,175320,7,기타,120870,청소년관람불가,액션,180082,0
레전드 오브 타잔,672498,8,미국,687584.6667,12세이상관람가,액션,3308563.333,0
레전드 오브 타잔,841908,15,미국,687584.6667,12세이상관람가,액션,3308563.333,0
레지던트 이블: 파멸의 날,576181,8,미국,264826.3333,청소년관람불가,액션,899188.3333,1
레지던트 이블: 파멸의 날,748452,15,미국,264826.3333,청소년관람불가,액션,899188.3333,1
로건,355280,1,미국,1383136.333,청소년관람불가,액션,1842211,0
로건,1312794,8,미국,1383136.333,청소년관람불가,액션,1842211,0
로건,1899313,15,미국,1383136.333,청소년관람불가,액션,1842211,0
로그 원: 스타워즈 스토리,147433,1,미국,2091118.667,12세이상관람가,액션,576704.6667,0
로그 원: 스타워즈 스토리,872433,8,미국,2091118.667,12세이상관람가,액션,576704.6667,0
로그 원: 스타워즈 스토리,1002823,15,미국,2091118.667,12세이상관람가,액션,576704.6667,0
"로봇, 소리",342118,8,한국,2272199.667,12세이상관람가,드라마,680908.6667,1
"로봇, 소리",444172,15,한국,2272199.667,12세이상관람가,드라마,680908.6667,1
로빈슨 크루소,116740,15,기타,15111,전체관람가,애니메이션,449432,1
루돌프와 많이있어,165970,8,기타,2392197.667,전체관람가,애니메이션,266296.3333,0
루돌프와 많이있어,210755,15,기타,2392197.667,전체관람가,애니메이션,266296.3333,0
루시드 드림,100189,8,한국,565352,15세이상관람가,범죄/스릴러,102170,0
루시드 드림,101913,15,한국,565352,15세이상관람가,범죄/스릴러,102170,0
리얼,150838,1,한국,2392197.667,청소년관람불가,액션,470078,0
리얼,426504,8,한국,2392197.667,청소년관람불가,액션,470078,0
마다가스카의 펭귄,1018380,8,미국,2392197.667,전체관람가,애니메이션,1512269.333,0
마다가스카의 펭귄,1453255,15,미국,2392197.667,전체관람가,애니메이션,1512269.333,0
마션,2184365,7,미국,1383136.333,12세이상관람가,액션,2069876.667,0
마션,3348174,14,미국,1383136.333,12세이상관람가,액션,2069876.667,0
마스터,416300,1,한국,2392197.667,15세이상관람가,액션,4272346,0
마스터,3835983,8,한국,2392197.667,15세이상관람가,액션,4272346,0
마스터,5861777,15,한국,2392197.667,15세이상관람가,액션,4272346,0
마이 리틀 자이언트,108288,15,미국,2719083.333,전체관람가,기타,176126.6667,0
마이펫 오지,119790,14,기타,2272199.667,전체관람가,애니메이션,63693,0
마이펫의 이중생활,185414,1,미국,264826.3333,전체관람가,애니메이션,1260580.333,0
마이펫의 이중생활,1275932,8,미국,264826.3333,전체관람가,애니메이션,1260580.333,0
마이펫의 이중생활,1983323,15,미국,264826.3333,전체관람가,애니메이션,1260580.333,0
매그니피센트 7,147726,1,미국,264826.3333,15세이상관람가,액션,368293.6667,1
매그니피센트 7,756010,8,미국,264826.3333,15세이상관람가,액션,368293.6667,1
매그니피센트 7,914323,15,미국,264826.3333,15세이상관람가,액션,368293.6667,1
매드 맥스: 분노의 도로,1091516,7,미국,687584.6667,15세이상관람가,액션,1537695,0
매드 맥스: 분노의 도로,2287154,14,미국,687584.6667,15세이상관람가,액션,1537695,0
매직브러시,152842,8,기타,15111,전체관람가,애니메이션,172107,0
매직브러시,168278,15,기타,15111,전체관람가,애니메이션,172107,0
맨 인 더 다크,104550,1,미국,264826.3333,청소년관람불가,범죄/스릴러,1003406,0
맨 인 더 다크,708515,8,미국,264826.3333,청소년관람불가,범죄/스릴러,1003406,0
맨 인 더 다크,933246,15,미국,264826.3333,청소년관람불가,범죄/스릴러,1003406,0
맨 프롬 UNCLE,101097,8,미국,687584.6667,12세이상관람가,액션,921140.3333,0
맨 프롬 UNCLE,108466,15,미국,687584.6667,12세이상관람가,액션,921140.3333,0
메이즈 러너: 스코치 트라이얼,119859,1,미국,1383136.333,12세이상관람가,액션,2778420,1
메이즈 러너: 스코치 트라이얼,1314982,8,미국,1383136.333,12세이상관람가,액션,2778420,1
메이즈 러너: 스코치 트라이얼,2384265,15,미국,1383136.333,12세이상관람가,액션,2778420,1
메카닉: 리크루트,470847,8,미국,166364,15세이상관람가,액션,276066,1
메카닉: 리크루트,531198,15,미국,166364,15세이상관람가,액션,276066,1
명탐정 코난 : 코난 실종사건 - 사상 최악의 이틀,117762,7,기타,2392197.667,12세이상관람가,애니메이션,298218.6667,1
명탐정 코난 : 코난 실종사건 - 사상 최악의 이틀,218511,14,기타,2392197.667,12세이상관람가,애니메이션,298218.6667,1
명탐정 코난 : 화염의 해바라기,326368,8,기타,2392197.667,전체관람가,애니메이션,476510.3333,0
명탐정 코난 : 화염의 해바라기,436296,15,기타,2392197.667,전체관람가,애니메이션,476510.3333,0
명탐정 코난: 순흑의 악몽,398209,8,기타,2392197.667,12세이상관람가,애니메이션,476510.3333,0
명탐정 코난: 순흑의 악몽,492775,15,기타,2392197.667,12세이상관람가,애니메이션,476510.3333,0
명탐정 코난: 에피소드 원-작아진 명탐정,121344,15,기타,2392197.667,12세이상관람가,애니메이션,298218.6667,0
모아나,862566,7,미국,2091118.667,전체관람가,애니메이션,883810.6667,0
모아나,1387379,14,미국,2091118.667,전체관람가,애니메이션,883810.6667,0
목소리의 형태,224992,9,기타,36429.66667,전체관람가,애니메이션,95104.33333,0
목소리의 형태,264157,16,기타,36429.66667,전체관람가,애니메이션,95104.33333,0
몬스터 호텔 2,861956,7,미국,264826.3333,전체관람가,애니메이션,1199994.5,0
몬스터 호텔 2,1376297,14,미국,264826.3333,전체관람가,애니메이션,1199994.5,0
무뢰한,330909,8,한국,23395.66667,청소년관람불가,멜로/로맨스,138389.6667,0
무뢰한,391830,15,한국,23395.66667,청소년관람불가,멜로/로맨스,138389.6667,0
문라이트,119917,15,미국,23395.66667,15세이상관람가,드라마,177483,0
뮨: 달의 요정,180038,7,기타,325003.6667,전체관람가,애니메이션,319072,1
뮨: 달의 요정,244975,14,기타,325003.6667,전체관람가,애니메이션,319072,1
미 비포 유,378026,8,미국,687584.6667,12세이상관람가,멜로/로맨스,944981,0
미 비포 유,559802,15,미국,687584.6667,12세이상관람가,멜로/로맨스,944981,0
미녀와 야수,1976032,7,미국,2091118.667,전체관람가,멜로/로맨스,3085097.333,0
미녀와 야수,3382393,14,미국,2091118.667,전체관람가,멜로/로맨스,3085097.333,0
미니언즈,195742,1,미국,264826.3333,전체관람가,애니메이션,2300793.667,0
미니언즈,1405690,8,미국,264826.3333,전체관람가,애니메이션,2300793.667,0
미니언즈,1965313,15,미국,264826.3333,전체관람가,애니메이션,2300793.667,0
미션 임파서블: 로그네이션,3563337,7,미국,2272199.667,15세이상관람가,액션,3455259.5,0
미션 임파서블: 로그네이션,5058016,14,미국,2272199.667,15세이상관람가,액션,3455259.5,0
미스 페레그린과 이상한 아이들의 집,1253955,8,미국,1383136.333,12세이상관람가,공포(호러),1192078.667,0
미스 페레그린과 이상한 아이들의 집,2184784,15,미국,1383136.333,12세이상관람가,공포(호러),1192078.667,0
미스컨덕트,135226,8,미국,10069.33333,15세이상관람가,범죄/스릴러,148512,0
미스컨덕트,147377,15,미국,10069.33333,15세이상관람가,범죄/스릴러,148512,0
미쓰 와이프,461185,7,한국,14244.66667,15세이상관람가,코미디,740876.6667,0
미쓰 와이프,702058,14,한국,14244.66667,15세이상관람가,코미디,740876.6667,0
미씽: 사라진 여자,145840,1,한국,14244.66667,15세이상관람가,공포(호러),497566,0
미씽: 사라진 여자,884449,8,한국,14244.66667,15세이상관람가,공포(호러),497566,0
미씽: 사라진 여자,1100045,15,한국,14244.66667,15세이상관람가,공포(호러),497566,0
미이라,1088249,2,미국,264826.3333,15세이상관람가,액션,3689234,0
미이라,2669101,9,미국,264826.3333,15세이상관람가,액션,3689234,0
미이라,3375018,16,미국,264826.3333,15세이상관람가,액션,3689234,0
밀정,305761,1,한국,687584.6667,15세이상관람가,액션,3783559,1
밀정,3226066,8,한국,687584.6667,15세이상관람가,액션,3783559,1
밀정,6352011,15,한국,687584.6667,15세이상관람가,액션,3783559,1
박물관이 살아있다 : 비밀의 무덤,692443,8,미국,1383136.333,전체관람가,코미디,2340672,0
박물관이 살아있다 : 비밀의 무덤,961217,15,미국,1383136.333,전체관람가,코미디,2340672,0
박열,221151,1,한국,14244.66667,12세이상관람가,드라마,1232772.667,0
박열,1457427,8,한국,14244.66667,12세이상관람가,드라마,1232772.667,0
발레리나,120445,7,기타,71380,전체관람가,애니메이션,202411,0
발레리나,170931,14,기타,71380,전체관람가,애니메이션,202411,0
배트맨 대 슈퍼맨: 저스티스의 시작,1599862,7,미국,687584.6667,12세이상관람가,액션,2010752,0
배트맨 대 슈퍼맨: 저스티스의 시작,2059591,14,미국,687584.6667,12세이상관람가,액션,2010752,0
백 투 더 비기닝,226062,7,미국,2272199.667,15세이상관람가,범죄/스릴러,169442,0
백 투 더 비기닝,263966,14,미국,2272199.667,15세이상관람가,범죄/스릴러,169442,0
버드맨,156077,7,미국,1383136.333,청소년관람불가,코미디,743037,0
버드맨,186904,14,미국,1383136.333,청소년관람불가,코미디,743037,0
베이블레이드 버스트 갓 : 갓 발키리의 탄생,103689,14,기타,2392197.667,전체관람가,애니메이션,109358,0
베테랑,439640,1,한국,2392197.667,15세이상관람가,액션,9051699.333,0
베테랑,3982844,8,한국,2392197.667,15세이상관람가,액션,9051699.333,0
베테랑,7474376,15,한국,2392197.667,15세이상관람가,액션,9051699.333,0
벤허,130879,1,미국,2272199.667,12세이상관람가,기타,1537590.333,1
벤허,1003113,8,미국,2272199.667,12세이상관람가,기타,1537590.333,1
벤허,1293573,15,미국,2272199.667,12세이상관람가,기타,1537590.333,1
보스 베이비,239685,1,미국,2392197.667,전체관람가,애니메이션,1913902.333,0
보스 베이비,1545856,8,미국,2392197.667,전체관람가,애니메이션,1913902.333,0
보스 베이비,2001403,15,미국,2392197.667,전체관람가,애니메이션,1913902.333,0
보안관,228860,1,한국,2272199.667,15세이상관람가,범죄/스릴러,3681744,0
보안관,1716624,8,한국,2272199.667,15세이상관람가,범죄/스릴러,3681744,0
보안관,2351249,15,한국,2272199.667,15세이상관람가,범죄/스릴러,3681744,0
보통사람,321291,7,한국,212200.3333,15세이상관람가,드라마,203588.5,0
보통사람,379023,14,한국,212200.3333,15세이상관람가,드라마,203588.5,0
봉이 김선달,149094,1,한국,2392197.667,12세이상관람가,드라마,1362945.333,0
봉이 김선달,1321839,8,한국,2392197.667,12세이상관람가,드라마,1362945.333,0
봉이 김선달,1918216,15,한국,2392197.667,12세이상관람가,드라마,1362945.333,0
부산행,1437959,1,한국,565352,15세이상관람가,액션,85853,0
부산행,6659075,8,한국,565352,15세이상관람가,액션,85853,0
부산행,9256052,15,한국,565352,15세이상관람가,액션,85853,0
부활,108041,14,미국,264826.3333,12세이상관람가,드라마,169613.3333,0
분노의 질주: 더 세븐,135946,1,미국,264826.3333,15세이상관람가,액션,2364885,0
분노의 질주: 더 세븐,1464107,8,미국,264826.3333,15세이상관람가,액션,2364885,0
분노의 질주: 더 세븐,2329279,15,미국,264826.3333,15세이상관람가,액션,2364885,0
분노의 질주: 더 익스트림,208984,1,미국,264826.3333,15세이상관람가,액션,1503189.333,0
분노의 질주: 더 익스트림,1794978,8,미국,264826.3333,15세이상관람가,액션,1503189.333,0
분노의 질주: 더 익스트림,2798060,15,미국,264826.3333,15세이상관람가,액션,1503189.333,0
불한당: 나쁜 놈들의 세상,121534,1,한국,2392197.667,청소년관람불가,범죄/스릴러,922996.3333,0
불한당: 나쁜 놈들의 세상,712514,8,한국,2392197.667,청소년관람불가,범죄/스릴러,922996.3333,0
불한당: 나쁜 놈들의 세상,890768,15,한국,2392197.667,청소년관람불가,범죄/스릴러,922996.3333,0
뷰티 인사이드,924463,7,한국,565352,12세이상관람가,기타,3921444.333,0
뷰티 인사이드,1557590,14,한국,565352,12세이상관람가,기타,3921444.333,0
브리짓 존스의 베이비,463038,8,미국,264826.3333,15세이상관람가,코미디,545706,0
브리짓 존스의 베이비,692909,15,미국,264826.3333,15세이상관람가,코미디,545706,0
비밀은 없다,234694,7,한국,2392197.667,청소년관람불가,범죄/스릴러,391487,0
비밀은 없다,247022,14,한국,2392197.667,청소년관람불가,범죄/스릴러,391487,0
비정규직 특수요원,143683,7,한국,120870,15세이상관람가,코미디,530504.6667,0
비정규직 특수요원,148703,14,한국,120870,15세이상관람가,코미디,530504.6667,0
빅,154742,8,미국,120870,전체관람가,애니메이션,160860,0
빅,159275,15,미국,120870,전체관람가,애니메이션,160860,0
빅 히어로,1059822,8,미국,2719083.333,전체관람가,애니메이션,2801949,0
빅 히어로,1865076,15,미국,2719083.333,전체관람가,애니메이션,2801949,0
빅쇼트,251483,7,미국,2272199.667,청소년관람불가,드라마,446664,0
빅쇼트,379951,14,미국,2272199.667,청소년관람불가,드라마,446664,0
뽀로로 극장판 컴퓨터 왕국 대모험,185830,7,한국,565352,전체관람가,애니메이션,445014,0
사냥,166556,1,한국,2272199.667,15세이상관람가,액션,929985,0
사냥,609141,8,한국,2272199.667,15세이상관람가,액션,929985,0
사냥,644724,15,한국,2272199.667,15세이상관람가,액션,929985,0
사도,264692,1,한국,5306580.667,12세이상관람가,드라마,1232772.667,1
사도,2245849,8,한국,5306580.667,12세이상관람가,드라마,1232772.667,1
사도,4965409,15,한국,5306580.667,12세이상관람가,드라마,1232772.667,1
사랑하기 때문에,295877,8,한국,565352,12세이상관람가,코미디,174623.5,0
사랑하기 때문에,338797,15,한국,565352,12세이상관람가,코미디,174623.5,0
사우스포,100419,14,미국,325003.6667,15세이상관람가,드라마,368293.6667,0
살인의뢰,615046,7,한국,325003.6667,청소년관람불가,범죄/스릴러,702489,0
살인의뢰,817625,14,한국,325003.6667,청소년관람불가,범죄/스릴러,702489,0
상의원,780293,15,한국,5306580.667,15세이상관람가,드라마,580503.3333,0
샌 안드레아스,1138629,8,미국,687584.6667,12세이상관람가,액션,961320.6667,0
샌 안드레아스,1558772,15,미국,687584.6667,12세이상관람가,액션,961320.6667,0
서부전선,522978,7,한국,2272199.667,12세이상관람가,기타,609063,1
서부전선,597246,14,한국,2272199.667,12세이상관람가,기타,609063,1
서울역,137930,8,한국,565352,15세이상관람가,애니메이션,85853,0
서울역,145804,15,한국,565352,15세이상관람가,애니메이션,85853,0
석조저택 살인사건,115074,2,한국,236415,15세이상관람가,범죄/스릴러,536272.6667,0
석조저택 살인사건,332580,9,한국,236415,15세이상관람가,범죄/스릴러,536272.6667,0
석조저택 살인사건,349665,16,한국,236415,15세이상관람가,범죄/스릴러,536272.6667,0
설리: 허드슨강의 기적,418062,8,미국,687584.6667,12세이상관람가,드라마,334299.3333,0
설리: 허드슨강의 기적,580281,15,미국,687584.6667,12세이상관람가,드라마,334299.3333,0
성난 변호사,694752,7,한국,2392197.667,15세이상관람가,범죄/스릴러,799917.5,0
성난 변호사,1039227,14,한국,2392197.667,15세이상관람가,범죄/스릴러,799917.5,0
셀프/리스,108752,7,미국,120870,15세이상관람가,범죄/스릴러,678337,0
셀프/리스,110855,14,미국,120870,15세이상관람가,범죄/스릴러,678337,0
셜록: 유령신부,897327,5,기타,14244.66667,12세이상관람가,범죄/스릴러,1278894,0
셜록: 유령신부,1225088,12,기타,14244.66667,12세이상관람가,범죄/스릴러,1278894,0
셜록: 유령신부,1273087,19,기타,14244.66667,12세이상관람가,범죄/스릴러,1278894,0
소셜포비아,186043,7,한국,23395.66667,15세이상관람가,범죄/스릴러,83452.66667,0
소셜포비아,241506,14,한국,23395.66667,15세이상관람가,범죄/스릴러,83452.66667,0
소수의견,293662,8,한국,532754,15세이상관람가,드라마,961121.6667,0
소수의견,362861,15,한국,532754,15세이상관람가,드라마,961121.6667,0
손님,700598,7,한국,2392197.667,15세이상관람가,공포(호러),1447189.5,0
손님,823209,14,한국,2392197.667,15세이상관람가,공포(호러),1447189.5,0
수어사이드 스쿼드,399808,1,미국,687584.6667,15세이상관람가,액션,1088942,0
수어사이드 스쿼드,1644839,8,미국,687584.6667,15세이상관람가,액션,1088942,0
수어사이드 스쿼드,1854646,15,미국,687584.6667,15세이상관람가,액션,1088942,0
순수의 시대,402861,7,한국,2392197.667,청소년관람불가,드라마,946190,0
순수의 시대,463616,14,한국,2392197.667,청소년관람불가,드라마,946190,0
순정,227381,8,한국,46549,12세이상관람가,드라마,126804,0
순정,236938,15,한국,46549,12세이상관람가,드라마,126804,0
스누피: 더 피너츠 무비,147413,7,미국,1383136.333,전체관람가,애니메이션,827968.6667,0
스누피: 더 피너츠 무비,190665,14,미국,1383136.333,전체관람가,애니메이션,827968.6667,0
스머프: 비밀의 숲,266151,6,미국,45144.66667,전체관람가,애니메이션,770360.3333,0
스머프: 비밀의 숲,406589,13,미국,45144.66667,전체관람가,애니메이션,770360.3333,0
스물,169662,1,한국,565352,15세이상관람가,코미디,2983829.333,0
스물,1475615,8,한국,565352,15세이상관람가,코미디,2983829.333,0
스물,2373786,15,한국,565352,15세이상관람가,코미디,2983829.333,0
스타워즈: 깨어난 포스,2708230,14,미국,2719083.333,12세이상관람가,액션,1783756,0
스타트렉 비욘드,819394,8,미국,2272199.667,12세이상관람가,액션,1523300.667,0
스타트렉 비욘드,1065748,15,미국,2272199.667,12세이상관람가,액션,1523300.667,0
스파이,1039004,7,미국,1383136.333,15세이상관람가,액션,965019.3333,0
스파이,1699783,14,미국,1383136.333,15세이상관람가,액션,965019.3333,0
스파이 브릿지,198416,7,미국,1383136.333,12세이상관람가,범죄/스릴러,176126.6667,0
스파이 브릿지,258229,14,미국,1383136.333,12세이상관람가,범죄/스릴러,176126.6667,0
스파이더맨: 홈 커밍,551878,1,미국,45144.66667,12세이상관람가,액션,3630097.5,0
스포트라이트,162007,8,미국,25767,15세이상관람가,드라마,169694,0
스포트라이트,246289,15,미국,25767,15세이상관람가,드라마,169694,0
스폰지밥 3D,232866,8,미국,2392197.667,전체관람가,애니메이션,325016,1
스폰지밥 3D,299680,15,미국,2392197.667,전체관람가,애니메이션,325016,1
스플릿,553151,8,한국,212200.3333,15세이상관람가,드라마,758195,0
스플릿,716204,15,한국,212200.3333,15세이상관람가,드라마,758195,0
시간위의 집,119274,8,한국,48992.33333,15세이상관람가,범죄/스릴러,230367.5,0
시간위의 집,128016,15,한국,48992.33333,15세이상관람가,범죄/스릴러,230367.5,0
시간이탈자,168182,1,한국,2392197.667,15세이상관람가,범죄/스릴러,407794.3333,0
시간이탈자,663977,8,한국,2392197.667,15세이상관람가,범죄/스릴러,407794.3333,0
시간이탈자,1026760,15,한국,2392197.667,15세이상관람가,범죄/스릴러,407794.3333,0
시카리오: 암살자의 도시,120563,14,미국,2272199.667,청소년관람불가,범죄/스릴러,393579.5,0
신데렐라,420640,7,미국,2719083.333,전체관람가,멜로/로맨스,1272812,0
신데렐라,611808,14,미국,2719083.333,전체관람가,멜로/로맨스,1272812,0
신비한 동물사전,245259,1,미국,687584.6667,12세이상관람가,기타,3308563.333,0
신비한 동물사전,2379264,8,미국,687584.6667,12세이상관람가,기타,3308563.333,0
신비한 동물사전,3703028,15,미국,687584.6667,12세이상관람가,기타,3308563.333,0
싱 스트리트,394504,14,기타,120870,15세이상관람가,드라마,1407130,0
싱글라이더,320079,8,한국,687584.6667,15세이상관람가,드라마,351276,0
싱글라이더,346258,15,한국,687584.6667,15세이상관람가,드라마,351276,0
쎄시봉,834162,7,한국,2392197.667,15세이상관람가,멜로/로맨스,867553,1
쎄시봉,1226283,14,한국,2392197.667,15세이상관람가,멜로/로맨스,867553,1
씽,751104,8,미국,264826.3333,전체관람가,애니메이션,587973,0
씽,1363989,15,미국,264826.3333,전체관람가,애니메이션,587973,0
아가씨,300792,1,한국,2392197.667,청소년관람불가,범죄/스릴러,1651038.333,0
아가씨,2503831,8,한국,2392197.667,청소년관람불가,범죄/스릴러,1651038.333,0
아가씨,3362254,15,한국,2392197.667,청소년관람불가,범죄/스릴러,1651038.333,0
아기배달부 스토크,189309,8,미국,687584.6667,전체관람가,애니메이션,183032.5,0
아기배달부 스토크,300307,15,미국,687584.6667,전체관람가,애니메이션,183032.5,0
아메리칸 스나이퍼,211064,8,미국,687584.6667,청소년관람불가,액션,334299.3333,0
아메리칸 스나이퍼,274644,15,미국,687584.6667,청소년관람불가,액션,334299.3333,0
아메리칸 울트라,157193,7,미국,2392197.667,청소년관람불가,액션,161382,0
아메리칸 울트라,161382,14,미국,2392197.667,청소년관람불가,액션,161382,0
아빠는 딸,357625,8,한국,14244.66667,12세이상관람가,코미디,646924,0
아빠는 딸,589470,15,한국,14244.66667,12세이상관람가,코미디,646924,0
아수라,500328,1,한국,2392197.667,청소년관람불가,범죄/스릴러,2414757,0
아수라,2218912,8,한국,2392197.667,청소년관람불가,범죄/스릴러,2414757,0
아수라,2543479,15,한국,2392197.667,청소년관람불가,범죄/스릴러,2414757,0
아이 엠 어 히어로,179249,8,기타,15111,청소년관람불가,액션,80545.33333,0
아이 엠 어 히어로,207609,15,기타,15111,청소년관람불가,액션,80545.33333,0
아이스 에이지: 지구 대충돌,339904,8,미국,1383136.333,전체관람가,애니메이션,1026409.333,0
아이스 에이지: 지구 대충돌,533400,15,미국,1383136.333,전체관람가,애니메이션,1026409.333,0
악녀,637354,7,한국,565352,청소년관람불가,액션,1315205.333,0
악녀,1014880,14,한국,565352,청소년관람불가,액션,1315205.333,0
악의 연대기,1122618,7,한국,2392197.667,15세이상관람가,범죄/스릴러,1330047.5,0
악의 연대기,1839347,14,한국,2392197.667,15세이상관람가,범죄/스릴러,1330047.5,0
암살,491916,1,한국,5306580.667,15세이상관람가,액션,10608652.67,0
암살,4689826,8,한국,5306580.667,15세이상관람가,액션,10608652.67,0
암살,7650389,15,한국,5306580.667,15세이상관람가,액션,10608652.67,0
앤트맨,1603683,7,미국,2719083.333,12세이상관람가,액션,1495328,0
앤트맨,2506008,14,미국,2719083.333,12세이상관람가,액션,1495328,0
앨빈과 슈퍼밴드: 악동 어드벤처,199763,7,미국,1383136.333,전체관람가,애니메이션,149298.5,1
앨빈과 슈퍼밴드: 악동 어드벤처,279897,14,미국,1383136.333,전체관람가,애니메이션,149298.5,1
앵그리버드 더 무비,460744,14,미국,264826.3333,전체관람가,애니메이션,680606,0
어느날,198408,8,한국,212200.3333,15세이상관람가,멜로/로맨스,168229.6667,0
어느날,229413,15,한국,212200.3333,15세이상관람가,멜로/로맨스,168229.6667,0
어린왕자,396420,8,기타,325003.6667,전체관람가,애니메이션,2626069.5,0
어린왕자,554797,15,기타,325003.6667,전체관람가,애니메이션,2626069.5,0
어벤져스: 에이지 오브 울트론,4319489,7,미국,2719083.333,12세이상관람가,액션,5856869.333,0
어벤져스: 에이지 오브 울트론,8466698,14,미국,2719083.333,12세이상관람가,액션,5856869.333,0
어쌔신 크리드,344211,8,미국,1383136.333,15세이상관람가,액션,227025,0
어쌔신 크리드,354161,15,미국,1383136.333,15세이상관람가,액션,227025,0
언더 워터,289501,8,미국,264826.3333,15세이상관람가,공포(호러),919593.3333,0
언더 워터,376082,15,미국,264826.3333,15세이상관람가,공포(호러),919593.3333,0
언브로큰,241245,8,미국,264826.3333,15세이상관람가,액션,5908,0
언브로큰,255155,15,미국,264826.3333,15세이상관람가,액션,5908,0
언프렌디드: 친구삭제,175506,7,미국,264826.3333,15세이상관람가,공포(호러),219892,0
언프렌디드: 친구삭제,216843,14,미국,264826.3333,15세이상관람가,공포(호러),219892,0
얼라이드,418161,8,미국,2272199.667,15세이상관람가,범죄/스릴러,379367.5,0
얼라이드,477967,15,미국,2272199.667,15세이상관람가,범죄/스릴러,379367.5,0
에베레스트,276347,7,미국,264826.3333,12세이상관람가,기타,130909.6667,1
에베레스트,328744,14,미국,264826.3333,12세이상관람가,기타,130909.6667,1
에이리언: 커버넌트,362374,2,미국,1383136.333,15세이상관람가,범죄/스릴러,2069876.667,0
에이리언: 커버넌트,1089170,9,미국,1383136.333,15세이상관람가,범죄/스릴러,2069876.667,0
에이리언: 커버넌트,1277846,16,미국,1383136.333,15세이상관람가,범죄/스릴러,2069876.667,0
엑스맨: 아포칼립스,303273,1,미국,1383136.333,12세이상관람가,액션,2736281,0
엑스맨: 아포칼립스,1907570,8,미국,1383136.333,12세이상관람가,액션,2736281,0
엑스맨: 아포칼립스,2779638,15,미국,1383136.333,12세이상관람가,액션,2736281,0
여교사,105081,8,한국,85811.66667,청소년관람불가,드라마,71063,0
여교사,113067,15,한국,85811.66667,청소년관람불가,드라마,71063,0
연애의 맛,182810,7,한국,1242547.667,청소년관람불가,멜로/로맨스,75245.66667,0
연애의 맛,212126,14,한국,1242547.667,청소년관람불가,멜로/로맨스,75245.66667,0
연평해전,162623,1,한국,565352,12세이상관람가,드라마,3022042,0
연평해전,2068328,8,한국,565352,12세이상관람가,드라마,3022042,0
연평해전,3692778,15,한국,565352,12세이상관람가,드라마,3022042,0
열정같은소리하고있네,444742,8,한국,565352,15세이상관람가,드라마,1684279.333,0
열정같은소리하고있네,587004,15,한국,565352,15세이상관람가,드라마,1684279.333,0
오늘의 연애,141522,1,한국,2392197.667,15세이상관람가,멜로/로맨스,1939514.333,0
오늘의 연애,1214638,8,한국,2392197.667,15세이상관람가,멜로/로맨스,1939514.333,0
오늘의 연애,1661146,15,한국,2392197.667,15세이상관람가,멜로/로맨스,1939514.333,0
오빠생각,696682,7,한국,565352,12세이상관람가,드라마,704000,0
오빠생각,952918,14,한국,565352,12세이상관람가,드라마,704000,0
오즈의 마법사: 돌아온 도로시,140874,7,미국,10069.33333,전체관람가,애니메이션,151945,1
오즈의 마법사: 돌아온 도로시,248081,14,미국,10069.33333,전체관람가,애니메이션,151945,1
오피스,337189,7,한국,46549,15세이상관람가,범죄/스릴러,1779480.667,0
오피스,438377,14,한국,46549,15세이상관람가,범죄/스릴러,1779480.667,0
옥자,152598,7,미국,565352,12세이상관람가,기타,3715538.667,0
우먼 인 골드,107389,14,미국,25767,12세이상관람가,드라마,81770.5,0
워크래프트: 전쟁의 서막,821638,7,미국,264826.3333,12세이상관람가,액션,818431.6667,0
워크래프트: 전쟁의 서막,1100154,14,미국,264826.3333,12세이상관람가,액션,818431.6667,0
워킹걸,134144,8,한국,14244.66667,청소년관람불가,코미디,326277.3333,0
워킹걸,142541,15,한국,14244.66667,청소년관람불가,코미디,326277.3333,0
워터 디바이너,123600,8,미국,2272199.667,15세이상관람가,드라마,1258250.333,0
워터 디바이너,134588,15,미국,2272199.667,15세이상관람가,드라마,1258250.333,0
원더 우먼,210260,1,미국,687584.6667,12세이상관람가,액션,1128947,0
원더 우먼,1587714,8,미국,687584.6667,12세이상관람가,액션,1128947,0
원더 우먼,1933631,15,미국,687584.6667,12세이상관람가,액션,1128947,0
원라인,351725,8,한국,565352,15세이상관람가,범죄/스릴러,434777,0
원라인,426026,15,한국,565352,15세이상관람가,범죄/스릴러,434777,0
원피스 필름 골드,159749,7,기타,2392197.667,12세이상관람가,애니메이션,217248,0
원피스 필름 골드,212742,14,기타,2392197.667,12세이상관람가,애니메이션,217248,0
위대한 소원,249616,7,한국,565352,15세이상관람가,코미디,308398,0
위대한 소원,299770,14,한국,565352,15세이상관람가,코미디,308398,0
위자: 저주의 시작,256615,8,미국,264826.3333,12세이상관람가,공포(호러),207675.6667,0
위자: 저주의 시작,324371,15,미국,264826.3333,12세이상관람가,공포(호러),207675.6667,0
위플래쉬,409149,7,미국,5306580.667,15세이상관람가,드라마,2548489,0
위플래쉬,952776,14,미국,5306580.667,15세이상관람가,드라마,2548489,0
위험한 상견례 2,333844,8,한국,2272199.667,15세이상관람가,멜로/로맨스,1418266,0
위험한 상견례 2,445292,15,한국,2272199.667,15세이상관람가,멜로/로맨스,1418266,0
은밀한 유혹,124999,7,한국,2392197.667,15세이상관람가,멜로/로맨스,596167,0
은밀한 유혹,143502,14,한국,2392197.667,15세이상관람가,멜로/로맨스,596167,0
이미테이션 게임,168629,2,기타,14244.66667,15세이상관람가,드라마,1206456.5,1
이미테이션 게임,878019,9,기타,14244.66667,15세이상관람가,드라마,1206456.5,1
이미테이션 게임,1331858,16,기타,14244.66667,15세이상관람가,드라마,1206456.5,1
인디펜던스 데이 : 리써전스,170356,1,미국,1383136.333,12세이상관람가,액션,2511094.333,0
인디펜던스 데이 : 리써전스,1170530,8,미국,1383136.333,12세이상관람가,액션,2511094.333,0
인디펜던스 데이 : 리써전스,1446215,15,미국,1383136.333,12세이상관람가,액션,2511094.333,0
인사이드 아웃,1022890,7,미국,2719083.333,전체관람가,애니메이션,3008531,0
인사이드 아웃,2403862,14,미국,2719083.333,전체관람가,애니메이션,3008531,0
인서전트,248923,8,미국,2272199.667,15세이상관람가,범죄/스릴러,162559.3333,0
인서전트,281424,15,미국,2272199.667,15세이상관람가,범죄/스릴러,162559.3333,0
인시디어스 3,379594,7,미국,264826.3333,15세이상관람가,공포(호러),377651,0
인시디어스 3,732441,14,미국,264826.3333,15세이상관람가,공포(호러),377651,0
인천상륙작전,477171,1,한국,2392197.667,12세이상관람가,드라마,3481152.333,0
인천상륙작전,3903979,8,한국,2392197.667,12세이상관람가,드라마,3481152.333,0
인천상륙작전,5669373,15,한국,2392197.667,12세이상관람가,드라마,3481152.333,0
인턴,839500,7,미국,687584.6667,12세이상관람가,코미디,1716453.333,1
인턴,1699555,14,미국,687584.6667,12세이상관람가,코미디,1716453.333,1
인페르노,557906,8,미국,264826.3333,15세이상관람가,범죄/스릴러,505640.6667,0
인페르노,651924,15,미국,264826.3333,15세이상관람가,범죄/스릴러,505640.6667,0
일곱난쟁이,217620,15,기타,14244.66667,전체관람가,애니메이션,227586,0
임금님의 사건수첩,124843,1,한국,2392197.667,12세이상관람가,코미디,1916531.333,0
임금님의 사건수첩,1111569,8,한국,2392197.667,12세이상관람가,코미디,1916531.333,0
임금님의 사건수첩,1569479,15,한국,2392197.667,12세이상관람가,코미디,1916531.333,0
장난감이 살아있다,132560,15,기타,32674.66667,전체관람가,애니메이션,81095.5,1
장수상회,493627,7,한국,2392197.667,12세이상관람가,멜로/로맨스,1107046.333,0
장수상회,897033,14,한국,2392197.667,12세이상관람가,멜로/로맨스,1107046.333,0
재심,134255,1,한국,212200.3333,15세이상관람가,드라마,1490353.333,0
재심,1370817,8,한국,212200.3333,15세이상관람가,드라마,1490353.333,0
재심,2111160,15,한국,212200.3333,15세이상관람가,드라마,1490353.333,0
잭 리처: 네버 고 백,115980,1,미국,2272199.667,15세이상관람가,액션,386617.6667,0
잭 리처: 네버 고 백,540290,8,미국,2272199.667,15세이상관람가,액션,386617.6667,0
잭 리처: 네버 고 백,605137,15,미국,2272199.667,15세이상관람가,액션,386617.6667,0
정글북,1030514,7,미국,2719083.333,12세이상관람가,기타,3316609,0
정글북,1832903,14,미국,2719083.333,12세이상관람가,기타,3316609,0
제 5침공,129584,7,미국,264826.3333,12세이상관람가,액션,135874,0
제 5침공,135840,14,미국,264826.3333,12세이상관람가,액션,135874,0
제이슨 본,309323,1,미국,264826.3333,15세이상관람가,액션,1153440.333,0
제이슨 본,2016091,8,미국,264826.3333,15세이상관람가,액션,1153440.333,0
제이슨 본,2466123,15,미국,264826.3333,15세이상관람가,액션,1153440.333,0
조선마술사,119928,1,한국,2272199.667,12세이상관람가,드라마,1324238.667,0
조선마술사,571279,8,한국,2272199.667,12세이상관람가,드라마,1324238.667,0
조선마술사,623977,15,한국,2272199.667,12세이상관람가,드라마,1324238.667,0
조선명탐정 : 사라진 놉의 딸,121645,1,한국,5306580.667,12세이상관람가,드라마,3171454.667,1
조선명탐정 : 사라진 놉의 딸,1504049,8,한국,5306580.667,12세이상관람가,드라마,3171454.667,1
조선명탐정 : 사라진 놉의 딸,3360886,15,한국,5306580.667,12세이상관람가,드라마,3171454.667,1
조이,136090,7,미국,1383136.333,12세이상관람가,코미디,112342,0
조이,167629,14,미국,1383136.333,12세이상관람가,코미디,112342,0
조작된 도시,1435368,7,한국,2392197.667,15세이상관람가,범죄/스릴러,3577308.333,0
조작된 도시,2155595,14,한국,2392197.667,15세이상관람가,범죄/스릴러,3577308.333,0
존 윅,110661,8,미국,320856.3333,청소년관람불가,액션,81980.5,0
존 윅,115253,15,미국,320856.3333,청소년관람불가,액션,81980.5,0
존 윅 - 리로드,220625,8,미국,166364,청소년관람불가,액션,276379,0
존 윅 - 리로드,257445,15,미국,166364,청소년관람불가,액션,276379,0
좋아해줘,622398,8,한국,2392197.667,12세이상관람가,멜로/로맨스,657152,0
좋아해줘,813712,15,한국,2392197.667,12세이상관람가,멜로/로맨스,657152,0
주토피아,647314,8,미국,2719083.333,전체관람가,애니메이션,2157248.333,0
주토피아,1574413,15,미국,2719083.333,전체관람가,애니메이션,2157248.333,0
주피터 어센딩,293131,7,미국,687584.6667,12세이상관람가,범죄/스릴러,522371.6667,1
주피터 어센딩,308880,14,미국,687584.6667,12세이상관람가,범죄/스릴러,522371.6667,1
쥬라기 월드,2230919,7,미국,264826.3333,12세이상관람가,액션,2773417,0
쥬라기 월드,3733734,14,미국,264826.3333,12세이상관람가,액션,2773417,0
짱구는 못말려 극장판 : 정면승부! 로봇아빠의 역습,139701,14,기타,120870,전체관람가,애니메이션,109930.3333,0
짱구는 못말려 극장판: 나의 이사 이야기 선인장 대습격,125446,7,기타,565352,전체관람가,애니메이션,206343.3333,0
짱구는 못말려 극장판: 나의 이사 이야기 선인장 대습격,179809,14,기타,565352,전체관람가,애니메이션,206343.3333,0
짱구는 못말려 극장판: 폭풍수면! 꿈꾸는 세계 대돌격,118483,15,기타,565352,전체관람가,애니메이션,109930.3333,1
차이나타운,908156,8,한국,23395.66667,청소년관람불가,범죄/스릴러,1003091,0
차이나타운,1338238,15,한국,23395.66667,청소년관람불가,범죄/스릴러,1003091,0
채피,437579,7,미국,264826.3333,15세이상관람가,액션,878417.3333,0
채피,559078,14,미국,264826.3333,15세이상관람가,액션,878417.3333,0
최강전사 미니특공대 : 새로운 악당의 습격,127712,14,한국,52627,전체관람가,애니메이션,26897,1
최강전사 미니특공대: 영웅의 탄생,112268,14,한국,25144.33333,전체관람가,애니메이션,26897,1
치외법권,323629,7,한국,71380,15세이상관람가,액션,190369.3333,0
치외법권,345552,14,한국,71380,15세이상관람가,액션,190369.3333,0
카페 소사이어티,103378,15,미국,23395.66667,15세이상관람가,멜로/로맨스,74344.66667,1
캐롤,127230,7,미국,23395.66667,청소년관람불가,드라마,131738.3333,1
캐롤,255357,14,미국,23395.66667,청소년관람불가,드라마,131738.3333,1
캐리비안의 해적: 죽은 자는 말이 없다,208363,1,미국,2091118.667,12세이상관람가,액션,3049728,0
캐리비안의 해적: 죽은 자는 말이 없다,1865197,8,미국,2091118.667,12세이상관람가,액션,3049728,0
캐리비안의 해적: 죽은 자는 말이 없다,2712459,15,미국,2091118.667,12세이상관람가,액션,3049728,0
캡틴 아메리카: 시빌 워,729213,1,미국,2719083.333,12세이상관람가,액션,6320234.5,0
캡틴 아메리카: 시빌 워,4871540,8,미국,2719083.333,12세이상관람가,액션,6320234.5,0
캡틴 아메리카: 시빌 워,7648143,15,미국,2719083.333,12세이상관람가,액션,6320234.5,0
컨저링 2,769662,7,미국,687584.6667,15세이상관람가,공포(호러),2364885,0
컨저링 2,1402102,14,미국,687584.6667,15세이상관람가,공포(호러),2364885,0
컨택트,457862,7,미국,264826.3333,12세이상관람가,범죄/스릴러,393579.5,0
컨택트,591671,14,미국,264826.3333,12세이상관람가,범죄/스릴러,393579.5,0
콩: 스컬 아일랜드,1195510,8,미국,687584.6667,12세이상관람가,액션,1689717,0
콩: 스컬 아일랜드,1609890,15,미국,687584.6667,12세이상관람가,액션,1689717,0
쿵푸팬더3,1863589,7,미국,2392197.667,전체관람가,애니메이션,4523767,1
쿵푸팬더3,3272046,14,미국,2392197.667,전체관람가,애니메이션,4523767,1
클로버필드 10번지,295866,7,미국,2272199.667,15세이상관람가,범죄/스릴러,357736,0
클로버필드 10번지,343186,14,미국,2272199.667,15세이상관람가,범죄/스릴러,357736,0
킹 아서: 제왕의 검,383668,8,기타,687584.6667,12세이상관람가,기타,921140.3333,0
킹 아서: 제왕의 검,414832,15,기타,687584.6667,12세이상관람가,기타,921140.3333,0
킹스맨 : 시크릿 에이전트,1198680,8,미국,1383136.333,청소년관람불가,액션,7359,1
킹스맨 : 시크릿 에이전트,2679855,15,미국,1383136.333,청소년관람불가,액션,7359,1
탐정 : 더 비기닝,1439262,7,한국,2392197.667,15세이상관람가,코미디,2353130,1
탐정 : 더 비기닝,2162055,14,한국,2392197.667,15세이상관람가,코미디,2353130,1
탐정 홍길동: 사라진 마을,949965,8,한국,2392197.667,15세이상관람가,드라마,2695511,0
탐정 홍길동: 사라진 마을,1287089,15,한국,2392197.667,15세이상관람가,드라마,2695511,0
터널,399933,1,한국,5306580.667,12세이상관람가,드라마,3721363.333,0
터널,3763657,8,한국,5306580.667,12세이상관람가,드라마,3721363.333,0
터널,5503612,15,한국,5306580.667,12세이상관람가,드라마,3721363.333,0
터닝메카드W: 블랙미러의 부활,303598,8,한국,236415,전체관람가,애니메이션,429569,1
터닝메카드W: 블랙미러의 부활,402912,15,한국,236415,전체관람가,애니메이션,429569,1
터미네이터 제니시스,1895339,7,미국,2272199.667,15세이상관람가,액션,3140129.5,0
터미네이터 제니시스,2792253,14,미국,2272199.667,15세이상관람가,액션,3140129.5,0
테이큰 3,1341953,7,미국,1383136.333,15세이상관람가,액션,1637843.333,0
테이큰 3,1877515,14,미국,1383136.333,15세이상관람가,액션,1637843.333,0
퇴마: 무녀굴,111449,7,한국,325003.6667,15세이상관람가,공포(호러),323122.3333,0
퇴마: 무녀굴,119768,14,한국,325003.6667,15세이상관람가,공포(호러),323122.3333,0
투모로우랜드,243782,8,미국,2719083.333,12세이상관람가,액션,2965509.667,0
투모로우랜드,264973,15,미국,2719083.333,12세이상관람가,액션,2965509.667,0
트랜스포머: 최후의 기사,287797,1,미국,2272199.667,12세이상관람가,액션,2685463.667,0
트랜스포머: 최후의 기사,2015213,8,미국,2272199.667,12세이상관람가,액션,2685463.667,0
트랜스포머: 최후의 기사,2488376,15,미국,2272199.667,12세이상관람가,액션,2685463.667,0
트랜스포터: 리퓰드,146897,7,기타,325003.6667,15세이상관람가,액션,118078.5,0
트랜스포터: 리퓰드,161245,14,기타,325003.6667,15세이상관람가,액션,118078.5,0
트롤,301508,7,미국,2392197.667,전체관람가,애니메이션,1169031.667,0
트롤,589253,14,미국,2392197.667,전체관람가,애니메이션,1169031.667,0
트리플 엑스 리턴즈,434853,8,미국,2272199.667,15세이상관람가,액션,1129354.667,0
트리플 엑스 리턴즈,472973,15,미국,2272199.667,15세이상관람가,액션,1129354.667,0
특별수사: 사형수의 편지,726444,7,한국,565352,15세이상관람가,범죄/스릴러,784967.6667,0
특별수사: 사형수의 편지,1099284,14,한국,565352,15세이상관람가,범죄/스릴러,784967.6667,0
특별시민,194638,1,한국,5306580.667,15세이상관람가,드라마,896785,0
특별시민,1208488,8,한국,5306580.667,15세이상관람가,드라마,896785,0
특별시민,1351694,15,한국,5306580.667,15세이상관람가,드라마,896785,0
특종: 량첸살인기,495248,7,한국,2272199.667,15세이상관람가,범죄/스릴러,1240838,0
특종: 량첸살인기,609717,14,한국,2272199.667,15세이상관람가,범죄/스릴러,1240838,0
판도라,173024,1,한국,565352,12세이상관람가,드라마,3155055,0
판도라,1947524,8,한국,565352,12세이상관람가,드라마,3155055,0
판도라,3443787,15,한국,565352,12세이상관람가,드라마,3155055,0
판타스틱 4,354682,7,미국,1383136.333,12세이상관람가,액션,392032.5,0
판타스틱 4,398864,14,미국,1383136.333,12세이상관람가,액션,392032.5,0
패딩턴,242690,8,기타,2272199.667,전체관람가,코미디,314780,0
패딩턴,305470,15,기타,2272199.667,전체관람가,코미디,314780,0
패신저스,591953,8,미국,264826.3333,12세이상관람가,기타,1206456.5,0
패신저스,666423,15,미국,264826.3333,12세이상관람가,기타,1206456.5,0
팬,162788,7,미국,687584.6667,전체관람가,기타,179861.6667,0
팬,182969,14,미국,687584.6667,전체관람가,기타,179861.6667,0
포인트 브레이크,243316,7,미국,645121.6667,15세이상관람가,범죄/스릴러,295096,0
포인트 브레이크,292174,14,미국,645121.6667,15세이상관람가,범죄/스릴러,295096,0
포켓몬 더 무비 XY 후파: 광륜의 초마신,198841,8,기타,120870,전체관람가,애니메이션,266296.3333,0
포켓몬 더 무비 XY 후파: 광륜의 초마신,287179,15,기타,120870,전체관람가,애니메이션,266296.3333,0
포켓몬 더 무비 XY&Z 「볼케니온 : 기계왕국의 비밀」,171224,7,기타,120870,전체관람가,애니메이션,266296.3333,0
포켓몬 더 무비 XY&Z 「볼케니온 : 기계왕국의 비밀」,259147,14,기타,120870,전체관람가,애니메이션,266296.3333,0
프리즌,1619570,7,한국,5306580.667,청소년관람불가,범죄/스릴러,1271999.333,0
프리즌,2378417,14,한국,5306580.667,청소년관람불가,범죄/스릴러,1271999.333,0
플로렌스,114065,8,기타,120870,15세이상관람가,드라마,61357,0
플로렌스,135729,15,기타,120870,15세이상관람가,드라마,61357,0
픽셀,565525,7,미국,264826.3333,12세이상관람가,액션,861222.3333,0
픽셀,679870,14,미국,264826.3333,12세이상관람가,액션,861222.3333,0
하늘을 걷는 남자,202517,8,미국,264826.3333,12세이상관람가,드라마,379367.5,0
하늘을 걷는 남자,233642,15,미국,264826.3333,12세이상관람가,드라마,379367.5,0
하루,724055,7,한국,23395.66667,15세이상관람가,범죄/스릴러,982418.6667,0
하루,1069298,14,한국,23395.66667,15세이상관람가,범죄/스릴러,982418.6667,0
하트 오브 더 씨,456173,7,미국,687584.6667,12세이상관람가,액션,505640.6667,0
하트 오브 더 씨,798732,14,미국,687584.6667,12세이상관람가,액션,505640.6667,0
함정,240411,7,한국,96842,청소년관람불가,범죄/스릴러,314874.3333,0
함정,257675,14,한국,96842,청소년관람불가,범죄/스릴러,314874.3333,0
해빙,389152,1,한국,2272199.667,15세이상관람가,범죄/스릴러,603619.5,0
해빙,1006919,8,한국,2272199.667,15세이상관람가,범죄/스릴러,603619.5,0
해빙,1175424,15,한국,2272199.667,15세이상관람가,범죄/스릴러,603619.5,0
해어화,303873,8,한국,2272199.667,15세이상관람가,드라마,175100,0
해어화,436214,15,한국,2272199.667,15세이상관람가,드라마,175100,0
핵소 고지,152375,8,미국,71380,15세이상관람가,드라마,111580.3333,0
핵소 고지,168535,15,미국,71380,15세이상관람가,드라마,111580.3333,0
허삼관,716990,8,한국,565352,12세이상관람가,드라마,538474,0
허삼관,899801,15,한국,565352,12세이상관람가,드라마,538474,0
헌츠맨: 윈터스 워,112067,1,미국,264826.3333,12세이상관람가,액션,445009,0
헌츠맨: 윈터스 워,346027,8,미국,264826.3333,12세이상관람가,액션,445009,0
헌츠맨: 윈터스 워,439610,15,미국,264826.3333,12세이상관람가,액션,445009,0
헝거게임: 더 파이널,541092,8,미국,2272199.667,15세이상관람가,액션,928941.6667,0
헝거게임: 더 파이널,722158,15,미국,2272199.667,15세이상관람가,액션,928941.6667,0
헤이트풀8,111398,14,미국,12052.33333,청소년관람불가,액션,239244.6667,0
헬머니,320247,7,한국,565352,청소년관람불가,코미디,1130400.667,0
헬머니,452470,14,한국,565352,청소년관람불가,코미디,1130400.667,0
"협녀, 칼의 기억",394400,7,한국,2272199.667,15세이상관람가,드라마,175100,0
"협녀, 칼의 기억",425752,14,한국,2272199.667,15세이상관람가,드라마,175100,0
형,1461481,8,한국,2392197.667,12세이상관람가,코미디,2664666.5,0
형,2372436,15,한국,2392197.667,12세이상관람가,코미디,2664666.5,0
혼숨,217435,8,한국,107242,15세이상관람가,공포(호러),288016,0
혼숨,283098,15,한국,107242,15세이상관람가,공포(호러),288016,0
홈,247715,7,미국,2392197.667,전체관람가,애니메이션,857380.6667,0
홈,334745,14,미국,2392197.667,전체관람가,애니메이션,857380.6667,0
히든 피겨스,196427,7,미국,1383136.333,12세이상관람가,드라마,267965.5,0
히든 피겨스,315837,14,미국,1383136.333,12세이상관람가,드라마,267965.5,0
히말라야,229949,1,한국,2392197.667,12세이상관람가,드라마,5490874.667,0
히말라야,4834792,15,한국,2392197.667,12세이상관람가,드라마,5490874.667,0
